employee_id,name,department
EMP-2045,Kiran Kumar,Maintenance
EMP-2098,Sana Fatima,Maintenance
EMP-2140,Rohit Verma,Maintenance
EMP-3054,Neha Rao,Quality
EMP-3098,Ajay Singh,Compliance
EMP-2006,Employee 6,Quality
EMP-2007,Employee 7,Quality
EMP-2008,Employee 8,Safety
EMP-2009,Employee 9,Safety
EMP-2010,Employee 10,Production
EMP-2011,Employee 11,Maintenance
EMP-2012,Employee 12,Maintenance
EMP-2013,Employee 13,Quality
EMP-2014,Employee 14,Production
EMP-2015,Employee 15,Safety
EMP-2016,Employee 16,Quality
EMP-2017,Employee 17,Production
EMP-2018,Employee 18,Maintenance
EMP-2019,Employee 19,Quality
EMP-2020,Employee 20,Quality
EMP-2021,Employee 21,Safety
EMP-2022,Employee 22,Production
EMP-2023,Employee 23,Quality
EMP-2024,Employee 24,Safety
EMP-2025,Employee 25,Quality
EMP-2026,Employee 26,Production
EMP-2027,Employee 27,Safety
EMP-2028,Employee 28,Safety
EMP-2029,Employee 29,Quality
EMP-2030,Employee 30,Quality
EMP-2031,Employee 31,Production
EMP-2032,Employee 32,Safety
EMP-2033,Employee 33,Safety
EMP-2034,Employee 34,Production
EMP-2035,Employee 35,Maintenance
EMP-2036,Employee 36,Maintenance
EMP-2037,Employee 37,Safety
EMP-2038,Employee 38,Safety
EMP-2039,Employee 39,Safety
EMP-2040,Employee 40,Production
EMP-2041,Employee 41,Production
EMP-2042,Employee 42,Safety
EMP-2043,Employee 43,Maintenance
EMP-2044,Employee 44,Safety
EMP-2045,Employee 45,Safety
EMP-2046,Employee 46,Production
EMP-2047,Employee 47,Safety
EMP-2048,Employee 48,Safety
EMP-2049,Employee 49,Safety
EMP-2050,Employee 50,Production
EMP-2051,Employee 51,Safety
EMP-2052,Employee 52,Safety
EMP-2053,Employee 53,Safety
EMP-2054,Employee 54,Safety
EMP-2055,Employee 55,Production
EMP-2056,Employee 56,Production
EMP-2057,Employee 57,Production
EMP-2058,Employee 58,Production
EMP-2059,Employee 59,Safety
EMP-2060,Employee 60,Production